Workbook

Sheet START_HERE
A1: WEEK 01 — EXCEL + DATA ANALYTICS
A2: Purpose | B2: Beginner-friendly Excel resource for learning Data Analytics through business examples.
A3: Start here | B3: Open the Dataset sheet, then follow sheets 01 to 10 in order.
A4: Learning method | B4: Understand → Practice → Solve a business question → Build a report
A5: Important | B5: XLOOKUP, FILTER and UNIQUE require newer Excel versions; compatible alternatives are included.

Sheet Dataset
A1: Employee_ID | B1: Employee_Name | C1: Department | D1: Location | E1: Status | F1: Joining_Date | G1: Target | H1: Actual | I1: Attendance_% | J1: Salary | K1: Rating | L1: Manager
A2: E1001 | B2: Arun | C2: IT | D2: Hyderabad | E2: Active | F2: 45366 | G2: 121 | H2: 84 | I2: 0.9678 | J2: 34168 | K2: 3 | L2: Manager A
A3: E1002 | B3: Priya | C3: Sales | D3: Chennai | E3: On Leave | F3: 45720 | G3: 144 | H3: 92 | I3: 0.8326 | J3: 33944 | K3: 4 | L3: Manager D
A4: E1003 | B4: Rahul | C4: Sales | D4: Chennai | E4: Inactive | F4: 45355 | G4: 87 | H4: 137 | I4: 0.9239 | J4: 53996 | K4: 2 | L4: Manager B
A5: E1004 | B5: Sneha | C5: Finance | D5: Bengaluru | E5: On Leave | F5: 45439 | G5: 85 | H5: 136 | I5: 0.9173 | J5: 65415 | K5: 3 | L5: Manager B
A6: E1005 | B6: Karthik | C6: Operations | D6: Hyderabad | E6: Active | F6: 45673 | G6: 93 | H6: 139 | I6: 0.8375 | J6: 74668 | K6: 2 | L6: Manager A
A7: E1006 | B7: Divya | C7: Operations | D7: Bengaluru | E7: Active | F7: 45768 | G7: 106 | H7: 128 | I7: 0.9254 | J7: 57699 | K7: 3 | L7: Manager C
A8: E1007 | B8: Vijay | C8: Finance | D8: Chennai | E8: Inactive | F8: 45599 | G8: 111 | H8: 88 | I8: 0.9145 | J8: 50510 | K8: 5 | L8: Manager D
A9: E1008 | B9: Meena | C9: Sales | D9: Chennai | E9: Inactive | F9: 45720 | G9: 116 | H9: 142 | I9: 0.8497 | J9: 50416 | K9: 3 | L9: Manager D
A10: E1009 | B10: Rohit | C10: Sales | D10: Hyderabad | E10: Inactive | F10: 46100 | G10: 133 | H10: 70 | I10: 0.9776 | J10: 48561 | K10: 3 | L10: Manager C
A11: E1010 | B11: Anjali | C11: IT | D11: Chennai | E11: Active | F11: 45568 | G11: 143 | H11: 139 | I11: 0.9053 | J11: 71525 | K11: 2 | L11: Manager A
A12: E1011 | B12: Suresh | C12: Operations | D12: Hyderabad | E12: On Leave | F12: 45583 | G12: 119 | H12: 147 | I12: 0.949 | J12: 71820 | K12: 3 | L12: Manager A
A13: E1012 | B13: Kavya | C13: Finance | D13: Hyderabad | E13: Active | F13: 45797 | G13: 139 | H13: 110 | I13: 0.8306 | J13: 46837 | K13: 3 | L13: Manager B
... A21: E1020 | B21: Nithya | C21: Sales | D21: Chennai | E21: On Leave | F21: 45769 | G21: 126 | H21: 125 | I21: 0.9065 | J21: 48437 | K21: 2 | L21: Manager B

Sheet 01_Basic_Math
A1: Function / Topic | B1: What it does | C1: Example formula | D1: Business use | E1: Practice
A2: SUM | B2: Adds numbers | C2: =SUM(Dataset!G2:G21) -> 2424 | D2: Total target | E2: Change the range
A3: AVERAGE | B3: Finds average | C3: =AVERAGE(Dataset!H2:H21) -> 112.15 | D3: Average actual | E3: Compare with median
A4: MIN | B4: Smallest value | C4: =MIN(Dataset!H2:H21) -> 66 | D4: Lowest actual | E4: Find lowest
A5: MAX | B5: Largest value | C5: =MAX(Dataset!H2:H21) -> 147 | D5: Highest actual | E5: Find highest
A6: COUNT | B6: Counts numbers | C6: =COUNT(Dataset!G2:G21) -> 20 | D6: Count numeric records | E6: Change range
A7: COUNTA | B7: Counts non-empty cells | C7: =COUNTA(Dataset!A2:A21) -> 20 | D7: Count populated IDs | E7: Create a blank and test
A8: COUNTBLANK | B8: Counts blank cells | C8: =COUNTBLANK(Dataset!C2:C21) -> 0 | D8: Find missing departments | E8: Create a blank
A9: ROUND | B9: Rounds a number | C9: =ROUND(AVERAGE(Dataset!H2:H21),2) -> 112.15 | D9: Clean KPI display | E9: Try 0/1/2 decimals

Sheet 02_Logical
A1: Function / Topic | B1: What it does | C1: Example formula | D1: Business use | E1: Practice
A2: IF | B2: Tests a condition | C2: =IF(Dataset!H2>=Dataset!G2,"Achieved","Not Achieved") -> Not Achieved | D2: Target achievement | E2: Change condition
A3: IFS | B3: Tests multiple conditions | C3: {=_xlfn.IFS(Dataset!H2/Dataset!G2>=1,"Achieved",Dataset!H2/Dataset!G2>=0.8,"Near Target",TRUE,"Below Target")} -> Below Target | D3: Performance bands | E3: Create 3 bands
A4: AND | B4: TRUE when all conditions are true | C4: =AND(Dataset!C2="Sales",Dataset!E2="Active") -> FALSE | D4: Multiple conditions | E4: Change department
A5: OR | B5: TRUE when any condition is true | C5: =OR(Dataset!E2="On Leave",Dataset!E2="Inactive") -> FALSE | D5: Exception checks | E5: Add a status
A6: IFERROR | B6: Returns your fallback if formula errors | C6: =IFERROR(Dataset!H2/Dataset!G2,0) -> 0.69421488 | D6: Clean report output | E6: Try division by zero
A7: IFNA | B7: Handles #N/A | C7: =_xlfn.IFNA(_xlfn.XLOOKUP("E9999",Dataset!A:A,Dataset!B:B),"Not Found") -> Not Found | D7: Missing lookup | E7: Try an existing ID

Sheet 03_Lookups
A1: Function / Topic | B1: What it does | C1: Example formula | D1: Business use | E1: Practice
A2: XLOOKUP | B2: Finds a value and returns related value | C2: =_xlfn.XLOOKUP("E1001",Dataset!A:A,Dataset!B:B,"Not Found") -> Arun | D2: Employee lookup | E2: Replace E1001
A3: VLOOKUP | B3: Looks in first column and returns another column | C3: =VLOOKUP("E1001",Dataset!A:L,2,FALSE) -> Arun | D3: Legacy lookup | E3: Change index
A4: INDEX | B4: Returns a value by position | C4: =INDEX(Dataset!B:B,2) -> Arun | D4: Retrieve a value | E4: Change row
A5: MATCH | B5: Finds position | C5: =MATCH("E1001",Dataset!A:A,0) -> 2 | D5: Find row position | E5: Try another ID
A6: INDEX + MATCH | B6: Flexible lookup | C6: =INDEX(Dataset!B:B,MATCH("E1001",Dataset!A:A,0)) -> Arun | D6: Older Excel lookup | E6: Try another ID
A7: XMATCH | B7: Modern MATCH alternative | C7: =_xlfn.XMATCH("E1001",Dataset!A:A) -> 2 | D7: Modern position lookup | E7: Try another ID

Sheet 04_Criteria_Aggregation
A1: Function / Topic | B1: What it does | C1: Example formula | D1: Business use | E1: Practice
A2: SUMIF | B2: Adds values for one condition | C2: =SUMIF(Dataset!C:C,"Sales",Dataset!H:H) -> 794 | D2: Department actual | E2: Change Sales
A3: SUMIFS | B3: Adds values for multiple conditions | C3: =SUMIFS(Dataset!H:H,Dataset!C:C,"Sales",Dataset!E:E,"Active") -> 143 | D3: Active Sales actual | E3: Add condition
A4: COUNTIF | B4: Counts one condition | C4: =COUNTIF(Dataset!C:C,"Sales") -> 7 | D4: Employees by department | E4: Change department
A5: COUNTIFS | B5: Counts multiple conditions | C5: =COUNTIFS(Dataset!C:C,"Sales",Dataset!E:E,"Active") -> 1 | D5: Active employees | E5: Change conditions
A6: AVERAGEIF | B6: Average with one condition | C6: =AVERAGEIF(Dataset!C:C,"Sales",Dataset!H:H) -> 113.42857 | D6: Average Sales actual | E6: Change department
A7: AVERAGEIFS | B7: Average with multiple conditions | C7: =AVERAGEIFS(Dataset!H:H,Dataset!C:C,"Sales",Dataset!E:E,"Active") -> 143 | D7: Average active Sales | E7: Change conditions
A8: MAXIFS | B8: Maximum with conditions | C8: =_xlfn.MAXIFS(Dataset!H:H,Dataset!C:C,"Sales") -> 143 | D8: Best Sales actual | E8: Change department
A9: MINIFS | B9: Minimum with conditions | C9: =_xlfn.MINIFS(Dataset!H:H,Dataset!C:C,"Sales") -> 70 | D9: Lowest Sales actual | E9: Change department

Sheet 05_Text
A1: Function / Topic | B1: What it does | C1: Example formula | D1: Business use | E1: Practice
A2: LEFT | B2: Characters from left | C2: =LEFT(Dataset!B2,3) -> Aru | D2: Extract prefixes | E2: Change number
A3: RIGHT | B3: Characters from right | C3: =RIGHT(Dataset!A2,4) -> 1001 | D3: Extract ID suffix | E3: Change number
A4: MID | B4: Characters from middle | C4: =MID(Dataset!A2,2,4) -> 1001 | D4: Extract ID part | E4: Change positions
A5: LEN | B5: Counts characters | C5: =LEN(Dataset!B2) -> 4 | D5: Check text length | E5: Try another name
A6: TRIM | B6: Removes extra spaces | C6: =TRIM(" Data Analyst ") -> Data Analyst | D6: Clean imported text | E6: Add spaces
A7: UPPER | B7: Uppercase text | C7: =UPPER(Dataset!C2) -> IT | D7: Standardize categories | E7: Try department
A8: LOWER | B8: Lowercase text | C8: =LOWER(Dataset!D2) -> hyderabad | D8: Standardize text | E8: Try location
A9: PROPER | B9: Capitalizes words | C9: =PROPER("data analyst") -> Data Analyst | D9: Clean text | E9: Try text
A10: CONCAT | B10: Combines text | C10: =_xlfn.CONCAT(Dataset!B2," - ",Dataset!C2) -> Arun - IT | D10: Create labels | E10: Change separator
A11: TEXTJOIN | B11: Joins multiple values | C11: =_xlfn.TEXTJOIN(" | ",TRUE,Dataset!B2,Dataset!C2,Dataset!D2) -> Arun | IT | Hyderabad | D11: Build labels | E11: Add fields
A12: SUBSTITUTE | B12: Replaces text | C12: =SUBSTITUTE(Dataset!C2,"Sales","SALES") -> IT | D12: Standardize values | E12: Change replacement
A13: FIND | B13: Finds text position | C13: =FIND("a",Dataset!B2) -> #VALUE! | D13: Locate text | E13: Try a letter
A14: SEARCH | B14: Finds text position, not case-sensitive | C14: =SEARCH("a",Dataset!B2) -> 1 | D14: Locate text | E14: Try a letter

Sheet 06_Date_Time
A1: Function / Topic | B1: What it does | C1: Example formula | D1: Business use | E1: Practice
A2: TODAY | B2: Today's date | C2: =TODAY() -> 46301 | D2: Reporting dates | E2: Use in report
A3: NOW | B3: Current date/time | C3: =NOW() -> 46301.94 | D3: Timestamp | E3: Use in report
A4: YEAR | B4: Extracts year | C4: =YEAR(Dataset!F2) -> 2024 | D4: Year analysis | E4: Change row
A5: MONTH | B5: Extracts month | C5: =MONTH(Dataset!F2) -> 3 | D5: Monthly analysis | E5: Change row
A6: DAY | B6: Extracts day | C6: =DAY(Dataset!F2) -> 15 | D6: Date analysis | E6: Change row
A7: EOMONTH | B7: Month-end date | C7: =EOMONTH(Dataset!F2,0) -> 45382 | D7: Monthly reporting | E7: Try -1 or 1
A8: DATEDIF | B8: Date difference | C8: =DATEDIF(Dataset!F2,TODAY(),"Y") -> 2 | D8: Employee tenure | E8: Try M or D
A9: NETWORKDAYS | B9: Working days | C9: =NETWORKDAYS(Dataset!F2,TODAY()) -> 668 | D9: SLA/workday analysis | E9: Add holidays later
A10: WEEKDAY | B10: Weekday number | C10: =WEEKDAY(Dataset!F2,2) -> 5 | D10: Weekday/weekend | E10: Try another type

Sheet 07_Data_Quality
A1: Function / Topic | B1: What it does | C1: Example formula | D1: Business use | E1: Practice
A2: Duplicate check | B2: Flags repeated IDs | C2: =IF(COUNTIF(Dataset!A:A,Dataset!A2)>1,"Duplicate","OK") -> OK | D2: Find duplicate records | E2: Duplicate an ID
A3: Blank check | B3: Flags missing values | C3: =IF(Dataset!B2="","Missing","OK") -> OK | D3: Completeness | E3: Delete a name
A4: ISBLANK | B4: Tests blank | C4: =ISBLANK(Dataset!B2) -> FALSE | D4: Missing-value checks | E4: Blank a cell
A5: ISNUMBER | B5: Tests numeric value | C5: =ISNUMBER(Dataset!G2) -> TRUE | D5: Validate numeric fields | E5: Enter text
A6: ISTEXT | B6: Tests text | C6: =ISTEXT(Dataset!B2) -> TRUE | D6: Validate text fields | E6: Try another cell
A7: ISERROR | B7: Tests any error | C7: =ISERROR(1/0) -> TRUE | D7: Error monitoring | E7: Change formula
A8: ISNA | B8: Tests #N/A | C8: =ISNA(NA()) -> TRUE | D8: Lookup error checks | E8: Try XLOOKUP

Sheet 08_Dynamic_Array
A1: Function / Topic | B1: What it does | C1: Example formula | D1: Business use | E1: Practice
A2: FILTER | B2: Returns rows matching criteria | D2: Dynamic filtered report | E2: Change department
A3: UNIQUE | B3: Returns unique values | C3: {=_xlfn.UNIQUE(Dataset!C2:C21)} -> #VALUE! | D3: Unique list | E3: Use another column
A4: SORT | B4: Sorts an array | D4: Sort/rank results | E4: Change order
A5: SORTBY | B5: Sorts by another range | C5: {=_xlfn.SORTBY(Dataset!A2:L21,Dataset!H2:H21,-1)} -> #VALUE! | D5: Rank employees | E5: Change sort field

Sheet 09_Analysis
A1: Function / Topic | B1: What it does | C1: Example formula | D1: Business use | E1: Practice
A2: SUBTOTAL | B2: Calculates visible/filtered data | C2: =SUBTOTAL(9,Dataset!H2:H21) -> 2243 | D2: Filter-aware KPI | E2: Filter Dataset
A3: AGGREGATE | B3: Summary with options to ignore errors/hidden rows | C3: =_xlfn.AGGREGATE(9,5,Dataset!H2:H21) -> 2243 | D3: Robust summaries | E3: Try options
A4: RANK.EQ | B4: Ranks a number | C4: =_xlfn.RANK.EQ(Dataset!H2,Dataset!H$2:H$21) -> 17 | D4: Employee ranking | E4: Copy down
A5: PERCENTILE.INC | B5: Finds percentile | C5: =_xlfn.PERCENTILE.INC(Dataset!H2:H21,0.9) -> 142.1 | D5: Performance distribution | E5: Try .5
A6: MEDIAN | B6: Middle value | C6: =MEDIAN(Dataset!H2:H21) -> 115.5 | D6: Central tendency | E6: Compare average
A7: STDEV.S | B7: Sample standard deviation | C7: =_xlfn.STDEV.S(Dataset!H2:H21) -> 26.825508 | D7: Measure variation | E7: Compare datasets
A8: CORREL | B8: Correlation | C8: =CORREL(Dataset!G2:G21,Dataset!H2:H21) -> -0.31665507 | D8: Explore target vs actual | E8: Try other columns

Sheet 10_Practice
A1: Business Question | B1: Suggested Function | C1: Your Answer
A2: How many employees are there? | B2: COUNTA
A3: What is total target? | B3: SUM
A4: What is average actual? | B4: AVERAGE
A5: How many active employees? | B5: COUNTIF
A6: How many active Sales employees? | B6: COUNTIFS
A7: What is total actual for Sales? | B7: SUMIF
A8: What is total actual for active Sales? | B8: SUMIFS
A9: Find the name for E1005. | B9: XLOOKUP / VLOOKUP
A10: Classify each employee as Achieved / Not Achieved. | B10: IF
A11: Find duplicate Employee IDs. | B11: COUNTIF
A12: Find missing values. | B12: COUNTBLANK / ISBLANK
A13: Create a unique department list. | B13: UNIQUE
... A15: Rank employees by Actual. | B15: RANK.EQ
